地区,区域,生活垃圾无害化处理率
北京,华北地区,100
天津,华北地区,94.5
河北,华北地区,99.8
山西,华北地区,99.8
内蒙古,华北地区,99.8
辽宁,东北地区,99.6
吉林,东北地区,87.2
黑龙江,东北地区,86.9
上海,华东地区,100
江苏,华东地区,100
浙江,华东地区,100
安徽,华东地区,100
福建,华东地区,99.9
江西,华东地区,100
山东,华东地区,100
河南,华中地区,99.7
湖北,华中地区,100
湖南,华中地区,100
广东,华南地区,99.9
广西,华南地区,100
海南,华南地区,100
重庆,西南地区,100
四川,西南地区,99.3
贵州,西南地区,96.1
云南,西南地区,98.2
西藏,西南地区,96
陕西,西北地区,99.1
甘肃,西北地区,99.8
青海,西北地区,96
宁夏,西北地区,99.3
新疆,西北地区,91.4
